﻿Wskaźnik;;Jednostka;2000;2000;2000;2000;2000;2000;2000;2000;2000;2000;2000;2000;2001;2001;2001;2001;2001;2001;2001;2001;2001;2001;2001;2001;2002;2002;2002;2002;2002;2002;2002;2002;2002;2002;2002;2002;2003;2003;2003;2003;2003;2003;2003;2003;2003;2003;2003;2003;2004;2004;2004;2004;2004;2004;2004;2004;2004;2004;2004;2004;2005;2005;2005;2005;2005;2005;2005;2005;2005;2005;2005;2005;2006;2006;2006;2006;2006;2006;2006;2006;2006;2006;2006;2006;2007;2007;2007;2007;2007;2007;2007;2007;2007;2007;2007;2007;2008;2008;2008;2008;2008;2008;2008;2008;2008;2008;2008;2008;2009;2009;2009;2009;2009;2009;2009;2009;2009;2009;2009;2009;2010;2010;2010;2010;2010;2010;2010;2010;2010;2010;2010;2010;2011;2011;2011;2011;2011;2011;2011;2011;2011;2011;2011;2011;2012;2012;2012;2012;2012;2012;2012;2012;2012;2012;2012;2012;2013;2013;2013;2013;2013;2013;2013;2013;2013;2013;2013;2013;2014;2014;2014;2014;2014;2014;2014;2014;2014;2014;2014;2014;2015;2015;2015;2015;2015;2015;2015;2015;2015;2015;2015;2015;2016;2016;2016;2016;2016;2016;2016;2016;2016;2016;2016;2016;2017;2017;2017;2017;2017;2017;2017;2017;2017;2017;2017;2017;2018;2018;2018;2018;2018;2018;2018;2018;2018;2018;2018;2018;2019;2019;2019;2019;2019;2019;2019;2019;2019;2019;2019;2019;2020;2020;2020;2020;2020;2020;2020;2020;2020;2020;2020;2020;2021;2021;2021;2021;2021;2021;2021;2021;2021;2021;2021;2021;2022;2022;2022;2022;2022;2022;2022;2022;2022;2022;2022;2022;2023;2023;2023;2023;2023
;;;01;02;03;04;05;06;07;08;09;10;11;12;01;02;03;04;05;06;07;08;09;10;11;12;01;02;03;04;05;06;07;08;09;10;11;12;01;02;03;04;05;06;07;08;09;10;11;12;01;02;03;04;05;06;07;08;09;10;11;12;01;02;03;04;05;06;07;08;09;10;11;12;01;02;03;04;05;06;07;08;09;10;11;12;01;02;03;04;05;06;07;08;09;10;11;12;01;02;03;04;05;06;07;08;09;10;11;12;01;02;03;04;05;06;07;08;09;10;11;12;01;02;03;04;05;06;07;08;09;10;11;12;01;02;03;04;05;06;07;08;09;10;11;12;01;02;03;04;05;06;07;08;09;10;11;12;01;02;03;04;05;06;07;08;09;10;11;12;01;02;03;04;05;06;07;08;09;10;11;12;01;02;03;04;05;06;07;08;09;10;11;12;01;02;03;04;05;06;07;08;09;10;11;12;01;02;03;04;05;06;07;08;09;10;11;12;01;02;03;04;05;06;07;08;09;10;11;12;01;02;03;04;05;06;07;08;09;10;11;12;01;02;03;04;05;06;07;08;09;10;11;12;01;02;03;04;05;06;07;08;09;10;11;12;01;02;03;04;05;06;07;08;09;10;11;12;01;02;03;04;05
"Przeciętne miesięczne nominalne wynagrodzenie brutto w sektorze przedsiębiorstw";;zł;.;.;.;.;.;.;.;.;.;.;.;.;.;.;.;.;.;.;.;.;.;.;.;.;.;.;.;.;.;.;.;.;.;.;.;.;.;.;.;.;.;.;.;.;.;.;.;.;.;.;.;.;.;.;.;.;.;.;.;.;2385,27;2411,31;2480,44;2471,13;2423,69;2512,62;2506,45;2480,06;2483,82;2538,71;2679,40;2789,08;2470,94;2526,13;2613,67;2569,84;2549,47;2624,72;2647,73;2611,91;2611,01;2658,09;2759,55;3027,52;2663,16;2686,92;2852,35;2785,93;2776,82;2868,97;2893,57;2885,47;2858,09;2950,95;3091,33;3245,14;2975,54;3040,46;3152,96;3144,87;3076,14;3222,47;3234,96;3172,54;3176,84;3247,77;3326,94;3428,01;3215,75;3195,56;3332,65;3294,76;3193,90;3287,88;3361,90;3268,69;3283,18;3312,32;3403,92;3652,40;3231,13;3288,29;3493,42;3398,67;3346,61;3403,65;3433,32;3407,26;3403,68;3440,22;3525,67;3847,91;3391,59;3422,14;3633,54;3597,84;3483,99;3600,47;3611,56;3591,23;3581,94;3617,16;3682,19;4015,37;3666,41;3568,32;3770,66;3719,81;3617,98;3754,48;3700,01;3686,45;3640,84;3718,19;3780,64;4111,69;3680,30;3709,99;3832,81;3830,89;3699,67;3808,63;3830,07;3760,45;3770,91;3834,17;3897,88;4221,50;3805,28;3856,56;4017,75;3976,80;3878,31;3943,01;3964,91;3893,23;3900,49;3980,92;4004,80;4379,26;3942,78;3981,75;4214,14;4123,26;4002,16;4039,70;4095,26;4024,95;4059,19;4110,77;4164,01;4515,28;4101,36;4137,55;4351,45;4313,57;4166,28;4252,19;4291,85;4212,56;4217,96;4259,37;4329,71;4635,77;4277,32;4304,95;4577,86;4489,07;4390,99;4508,08;4501,52;4492,63;4473,06;4574,35;4610,79;4973,73;4588,58;4599,72;4886,56;4840,44;4696,59;4848,16;4825,02;4798,27;4771,86;4921,39;4966,61;5274,95;4931,80;4949,42;5164,53;5186,12;5057,82;5104,46;5182,43;5125,26;5084,56;5213,27;5229,44;5604,25;5282,80;5330,48;5489,21;5285,01;5119,94;5286,00;5381,65;5337,65;5371,56;5458,88;5484,07;5973,75;5536,80;5568,82;5929,05;5805,72;5637,34;5802,42;5851,87;5843,75;5841,16;5917,15;6022,49;6644,39;6064,24;6220,04;6665,64;6626,95;6399,59;6554,87;6778,63;6583,03;6687,81;6687,92;6857,96;7329,96;6883,96;7065,56;7508,34;7430,65;7181,67
"Przeciętne miesięczne nominalne wynagrodzenie brutto w sektorze przedsiębiorstw";;analogiczny okres roku poprzedniego=100;.;.;.;.;.;.;.;.;.;.;.;.;.;.;.;.;.;.;.;.;.;.;.;.;.;.;.;.;.;.;.;.;.;.;.;.;.;.;.;.;.;.;.;.;.;.;.;.;.;.;.;.;.;.;.;.;.;.;.;.;;;;;;;;;;;;;103,6;104,8;105,4;104,0;105,2;104,5;105,6;105,3;105,1;104,7;103,0;108,5;107,8;106,4;109,1;108,4;108,9;109,3;109,3;110,5;109,5;111,0;112,0;107,2;111,7;113,2;110,5;112,9;110,8;112,3;111,8;109,9;111,2;110,1;107,6;105,6;108,1;105,1;105,7;104,8;103,8;102,0;103,9;103,0;103,3;102,0;102,3;106,5;100,5;102,9;104,8;103,2;104,8;103,5;102,1;104,2;103,7;103,9;103,6;105,4;105,0;104,1;104,0;105,9;104,1;105,8;105,2;105,4;105,2;105,1;104,4;104,4;108,1;104,3;103,8;103,4;103,8;104,3;102,4;102,7;101,6;102,8;102,7;102,4;100,4;104,0;101,6;103,0;102,3;101,4;103,5;102,0;103,6;103,1;103,1;102,7;103,4;104,0;104,8;103,8;104,8;103,5;103,5;103,5;103,4;103,8;102,7;103,7;103,6;103,2;104,9;103,7;103,2;102,5;103,3;103,4;104,1;103,3;104,0;103,1;104,0;103,9;103,3;104,6;104,1;105,3;104,8;104,7;103,9;103,6;104,0;102,7;104,3;104,0;105,2;104,1;105,4;106,0;104,9;106,6;106,0;107,4;106,5;107,3;107,3;106,8;106,7;107,8;107,0;107,5;107,2;106,8;106,7;107,6;107,7;106,1;107,5;107,6;105,7;107,1;107,7;105,3;107,4;106,8;106,6;105,9;105,3;106,2;107,1;107,7;106,3;101,9;101,2;103,6;103,8;104,1;105,6;104,7;104,9;106,6;104,8;104,5;108,0;109,9;110,1;109,8;108,7;109,5;108,7;108,4;109,8;111,2;109,5;111,7;112,4;114,1;113,5;113,0;115,8;112,7;114,5;113,0;113,9;110,3;113,5;113,6;112,6;112,1;112,2
"Przeciętne miesięczne nominalne wynagrodzenie brutto w sektorze przedsiębiorstw";;okres poprzedni=100;.;.;.;.;.;.;.;.;.;.;.;.;.;.;.;.;.;.;.;.;.;.;.;.;.;.;.;.;.;.;.;.;.;.;.;.;.;.;.;.;.;.;.;.;.;.;.;.;.;.;.;.;.;.;.;.;.;.;.;.;;101,1;102,9;99,6;98,1;103,7;99,8;98,9;100,2;102,2;105,5;104,1;88,6;102,2;103,5;98,3;99,2;103,0;100,9;98,6;100,0;101,8;103,8;109,7;88,0;100,9;106,2;97,7;99,7;103,3;100,9;99,7;99,1;103,2;104,8;105,0;91,7;102,2;103,7;99,7;97,8;104,8;100,4;98,1;100,1;102,2;102,4;103,0;93,8;99,4;104,3;98,9;96,9;102,9;102,3;97,2;100,4;100,9;102,8;107,3;88,5;101,8;106,2;97,3;98,5;101,7;100,9;99,2;99,9;101,1;102,5;109,1;88,1;100,9;106,2;99,0;96,8;103,3;100,3;99,4;99,7;101,0;101,8;109,0;91,3;97,3;105,7;98,7;97,3;103,8;98,5;99,6;98,8;102,1;101,7;108,8;89,5;100,8;103,3;99,9;96,6;102,9;100,6;98,2;100,3;101,7;101,7;108,3;90,1;101,3;104,2;99,0;97,5;101,7;100,6;98,2;100,2;102,1;100,6;109,4;90,0;101,0;105,8;97,8;97,1;100,9;101,4;98,3;100,9;101,3;101,3;108,4;90,8;100,9;105,2;99,1;96,6;102,1;100,9;98,2;100,1;101,0;101,7;107,1;92,3;100,6;106,3;98,1;97,8;102,7;99,9;99,8;99,6;102,3;100,8;107,9;92,3;100,2;106,2;99,1;97,0;103,2;99,5;99,4;99,4;103,1;100,9;106,2;93,5;100,4;104,3;100,4;97,5;100,9;101,5;98,9;99,2;102,5;100,3;107,2;94,3;100,9;103,0;96,3;96,9;103,2;101,8;99,2;100,6;101,6;100,5;108,9;92,7;100,6;106,5;97,9;97,1;102,9;100,9;99,9;100,0;101,3;101,8;110,3;91,3;102,6;107,2;99,4;96,6;102,4;103,4;97,1;101,6;100,0;102,5;106,9;93,9;102,6;106,3;99,0;96,6
"Przeciętne miesięczne realne wynagrodzenie brutto w sektorze przedsiębiorstw";;analogiczny okres roku poprzedniego=100;.;.;.;.;.;.;.;.;.;.;.;.;.;.;.;.;.;.;.;.;.;.;.;.;.;.;.;.;.;.;.;.;.;.;.;.;.;.;.;.;.;.;.;.;.;.;.;.;.;.;.;.;.;.;.;.;.;.;.;.;;;;;;;;;;;;;103,1;104,3;105,1;103,5;104,5;103,9;104,7;103,7;103,8;103,7;101,8;107,2;106,3;104,6;106,6;106,1;106,6;106,6;107,1;109,1;107,2;108,0;108,3;103,3;107,6;108,8;106,4;108,8;106,4;107,6;107,0;105,0;106,6;105,9;104,0;102,4;105,4;101,9;102,2;101,1;100,3;98,6;100,5;99,5;100,0;98,9;99,0;102,9;97,0;99,9;102,1;100,8;102,5;101,3;100,2;102,3;101,3;101,2;101,1;102,3;101,5;100,7;99,9;101,5;99,3;101,6;101,3;101,2;101,3;100,9;99,8;99,9;103,9;100,1;100,0;99,5;100,3;100,2;98,7;99,0;98,0;99,5;100,0;100,0;98,7;102,8;100,6;102,2;101,8;101,1;102,4;100,9;102,6;102,3;102,5;102,1;103,0;103,3;104,2;103,5;104,6;103,2;103,6;103,7;103,7;104,3;103,2;104,7;105,2;105,0;106,6;104,9;104,1;103,4;104,1;104,1;105,2;104,2;104,7;103,8;104,9;104,8;104,3;105,9;105,2;106,1;105,9;105,7;104,4;103,7;104,0;101,8;102,6;101,8;103,1;102,1;103,4;104,5;103,2;104,8;103,9;105,4;104,1;105,3;105,5;105,5;105,4;106,2;105,3;105,5;105,1;104,6;104,7;105,7;106,3;104,9;106,6;106,2;103,9;104,8;105,3;102,6;104,5;104,0;104,0;103,4;102,7;102,8;102,8;103,0;101,8;98,7;98,5;100,6;100,9;101,3;102,4;101,7;101,9;104,2;102,2;102,1;104,7;105,2;105,0;105,1;103,4;103,8;102,6;101,4;101,9;102,4;100,2;103,0;101,4;101,7;99,7;97,9;100,3;97,3;98,0;96,2;97,3;94,8;97,5;96,1;97,2;97,9;99,5
"Przeciętne miesięczne realne wynagrodzenie brutto w sektorze przedsiębiorstw";;okres poprzedni=100;.;.;.;.;.;.;.;.;.;.;.;.;.;.;.;.;.;.;.;.;.;.;.;.;.;.;.;.;.;.;.;.;.;.;.;.;.;.;.;.;.;.;.;.;.;.;.;.;.;.;.;.;.;.;.;.;.;.;.;.;;101,1;102,8;99,2;97,8;103,9;100,0;99,0;99,8;101,9;105,8;104,4;88,5;102,2;103,6;97,7;98,7;103,2;100,8;98,3;99,9;101,8;103,8;109,9;87,7;100,7;105,7;97,2;99,2;103,2;101,1;100,1;98,3;102,6;104,2;104,8;91,2;101,8;103,3;99,4;97,0;104,5;100,4;98,5;99,8;101,8;102,2;103,1;93,4;98,6;103,6;98,2;96,5;102,7;102,2;97,6;100,4;100,8;102,5;107,4;88,0;101,6;105,9;96,9;98,2;101,4;101,1;99,6;99,3;100,7;102,4;108,7;87,1;100,7;105,3;98,4;96,2;103,7;100,6;99,4;99,6;100,3;101,2;108,7;90,7;96,7;105,2;98,1;97,1;103,6;99,0;99,8;98,7;101,7;101,7;108,7;89,5;100,8;103,1;99,5;96,7;102,9;100,3;98,5;100,2;101,5;101,9;108,2;90,0;101,2;104,1;99,0;97,7;101,7;100,8;98,6;100,2;102,1;100,8;109,7;90,3;101,2;105,6;97,4;97,1;100,9;101,5;98,7;101,2;101,2;101,4;108,6;91,3;101,0;105,1;98,8;96,5;101,9;101,2;98,4;100,1;100,5;101,6;106,4;91,9;100,3;106,4;97,8;97,8;102,9;100,1;99,9;99,2;101,8;100,3;107,8;92,1;100,4;106,3;98,6;96,8;103,1;99,6;99,4;99,2;102,7;100,9;106,3;93,7;100,1;103,9;99,3;97,3;100,6;101,5;98,9;99,2;102,2;100,2;106,3;93,6;100,3;102,8;96,4;97,2;102,6;101,9;99,3;100,3;101,4;100,4;108,8;91,6;100,1;105,4;97,1;96,8;102,8;100,5;99,6;99,3;100,2;100,8;109,3;89,8;102,9;103,8;97,5;95,0;100,9;102,9;96,4;100,1;98,2;101,8;106,7;91,8;101,3;105,1;98,3;96,6
"Przeciętne miesięczne realne wynagrodzenie brutto w sektorze przedsiębiorstw";;przeciętna miesięczna 2005=100;.;.;.;.;.;.;.;.;.;.;.;.;.;.;.;.;.;.;.;.;.;.;.;.;.;.;.;.;.;.;.;.;.;.;.;.;.;.;.;.;.;.;.;.;.;.;.;.;.;.;.;.;.;.;.;.;.;.;.;.;;;;;;;;;;;;;98,1;100,3;103,9;101,5;100,2;103,4;104,2;102,4;102,3;104,1;108,1;118,8;104,2;104,9;110,9;107,8;106,9;110,3;111,5;111,6;109,7;112,6;117,3;122,9;112,1;114,1;117,9;117,2;113,7;118,8;119,3;117,5;117,3;119,4;122,0;125,8;117,5;115,9;120,1;117,9;113,8;116,9;119,5;116,6;117,1;118,0;121,0;130,0;114,4;116,2;123,1;119,3;117,2;118,8;120,1;119,6;118,8;119,6;122,5;133,2;116,0;116,8;123,0;121,0;116,4;120,7;121,4;120,7;120,2;120,6;122,0;132,6;120,3;116,6;122,7;120,4;116,9;121,1;119,9;119,7;118,1;120,1;122,1;132,7;.;.;.;.;.;.;.;.;.;.;.;.;.;.;.;.;.;.;.;.;.;.;.;.;.;.;.;.;.;.;.;.;.;.;.;.;.;.;.;.;.;.;.;.;.;.;.;.;.;.;.;.;.;.;.;.;.;.;.;.;.;.;.;.;.;.;.;.;.;.;.;.;.;.;.;.;.;.;.;.;.;.;.;.;.;.;.;.;.;.;.;.;.;.;.;.;.;.;.;.;.;.;.;.;.;.;.;.;.;.;.;.;.;.;.;.;.;.;.;.;.;.;.;.;.
"Przeciętne miesięczne realne wynagrodzenie brutto w sektorze przedsiębiorstw";;przeciętna miesięczna 2010=100;;;;;;;;;;;;;;;;;;;;;;;;;;;;;;;;;;;;;;;;;;;;;;;;;;;;;;;;;;;;;;;;;;;;;;;;;;;;;;;;;;;;;;;;;;;;;;;;;;;;;;;;;;;;;;;;;;;;;;;;;;;;;;;99,8;99,4;98,7;99,4;101,8;110,7;96,4;97,1;102,2;100,6;96,8;100,4;101,0;100,4;100,0;100,3;101,5;110,3;100,0;96,9;101,9;100,0;97,1;100,6;99,6;99,4;98,1;99,8;101,5;110,3;98,7;99,5;102,6;102,1;98,7;101,6;101,9;100,4;100,6;102,1;104,0;112,5;101,3;102,5;106,7;105,6;103,2;105,0;105,8;104,3;104,5;106,7;107,6;118,0;106,7;108,0;114,0;111,0;107,8;108,8;117,2;115,3;115,4;116,0;117,9;125,4;115,2;115,5;122,9;120,2;117,6;121,0;121,1;121,0;120,0;122,2;122,6;132,2;115,2;115,5;122,9;120,2;117,6;121,0;121,1;121,0;120,0;122,2;122,6;132,2;.;.;.;.;.;.;.;.;.;.;.;.;.;.;.;.;.;.;.;.;.;.;.;.;.;.;.;.;.;.;.;.;.;.;.;.;.;.;.;.;.;.;.;.;.;.;.;.;.;.;.;.;.;.;.;.;.;.;.;.;.;.;.;.;.
"Przeciętne miesięczne realne wynagrodzenie brutto w sektorze przedsiębiorstw";;przeciętna miesięczna 2015=100;;;;;;;;;;;;;;;;;;;;;;;;;;;;;;;;;;;;;;;;;;;;;;;;;;;;;;;;;;;;;;;;;;;;;;;;;;;;;;;;;;;;;;;;;;;;;;;;;;;;;;;;;;;;;;;;;;;;;;;;;;;;;;;;;;;;;;;;;;;;;;;;;;;;;;;;;;;;;;;;;;;;;;;;;;;;;;;;;;;;;95,6;96,7;102,1;99,4;96,5;97,4;98,9;97,6;98,8;100,0;101,4;110,1;100,5;101,5;106,7;105,4;101,7;103,6;104,8;103,1;103,2;103,7;105,4;112,1;103,0;103,3;109,9;107,5;105,1;108,1;108,2;108,1;107,2;109,1;109,4;117,9;108,6;109,0;115,9;114,3;110,6;114,0;113,5;112,8;111,9;114,9;115,9;123,2;115,4;115,5;120,0;119,2;116,0;116,7;118,5;117,2;116,3;118,9;119,1;126,6;118,5;118,9;122,2;117,8;114,5;117,5;119,7;118,9;119,3;121,0;121,5;132,2;121,1;121,2;127,7;124,0;120,0;123,4;124,0;123,5;122,6;122,8;123,8;135,3;121,5;125,0;129,8;126,6;120,3;121,4;124,9;120,4;120,5;118,3;120,4;128,5;118,0;119,5;125,6;123,5;119,3
"Przeciętna miesięczna nominalna emerytura i renta brutto z pozarolniczego systemu ubezpieczeń społecznych";;zł;847,59;849,92;851,97;850,93;851,25;889,43;890,62;891,28;895,59;897,16;896,13;894,08;896,81;898,69;904,73;901,22;901,66;1017,37;1019,44;1019,92;1025,04;1028,06;1025,65;1024,32;1028,21;1029,67;1031,91;1032,62;1032,92;1039,12;1042,04;1041,66;1047,89;1050,78;1048,07;1047,29;1048,98;1052,39;1092,28;1093,98;1095,13;1096,84;1098,32;1097,54;1105,90;1109,21;1107,52;1110,47;1113,46;1116,91;1140,10;1138,87;1139,39;1141,52;1142,32;1142,10;1148,81;1150,79;1152,83;1163,89;1149,12;1153,70;1177,51;1166,88;1168,70;1171,08;1171,62;1171,99;1179,04;1180,48;1180,45;1178,30;1184,21;1187,11;1267,95;1268,60;1271,47;1273,31;1273,60;1274,56;1281,20;1284,12;1282,80;1280,30;1284,27;1284,61;1295,92;1295,19;1296,85;1298,17;1299,75;1300,25;1306,86;1310,39;1308,24;1305,22;1309,20;1309,77;1421,25;1426,41;1429,82;1444,09;1442,75;1440,59;1448,89;1451,01;1448,34;1449,20;1453,94;1456,86;1548,18;1555,93;1556,96;1558,41;1558,91;1557,29;1563,63;1567,63;1567,14;1566,07;1566,32;1571,05;1648,55;1650,02;1651,49;1654,60;1654,89;1656,27;1662,67;1665,79;1666,48;1667,58;1667,97;1673,05;1730,49;1733,86;1733,51;1736,33;1736,16;1736,05;1743,19;1745,97;1745,81;1744,25;1746,38;1750,12;1828,74;1831,24;1833,38;1834,25;1833,63;1832,68;1837,51;1843,44;1841,43;1839,06;1855,40;1849,00;1927,78;1930,34;1929,67;1930,54;1933,21;1933,04;1938,18;1944,74;1940,34;1943,35;1944,27;1948,53;1985,04;2002,23;2004,72;2002,60;2000,99;1996,74;2002,33;2004,15;1999,71;2002,69;2004,86;2006,36;2049,68;2051,76;2051,96;2047,97;2055,26;2056,52;2063,53;2068,45;2066,31;2068,27;2070,85;2070,19;2083,59;2084,14;2084,94;2082,58;2084,81;2091,25;2094,48;2096,87;2095,63;2096,74;2101,44;2099,40;2127,59;2128,10;2132,10;2128,49;2131,09;2141,46;2143,94;2172,21;2190,40;2158,59;2161,95;2156,47;2232,28;2226,08;2225,56;2223,43;2222,94;2243,88;2241,22;2247,71;2240,29;2239,72;2245,71;2246,78;2328,29;2330,71;2350,99;2328,63;2330,27;2360,80;2354,51;2355,74;2352,16;2349,45;2357,64;2360,76;2461,79;2459,28;2455,53;2458,28;2461,74;2490,82;2489,89;2492,25;2485,65;2486,09;2560,03;2531,18;2617,07;2616,18;2618,08;2620,26;2621,98;2650,41;2657,18;2661,86;2663,61;2661,29;2669,32;2678,90;2884,38;2884,00;2886,10;2889,68;2893,65;2921,05;2927,81;2931,90;2932,22;2940,12;2946,44;2959,21;3449,22;3433,70;3431,42
"Przeciętna miesięczna nominalna emerytura i renta brutto z pozarolniczego systemu ubezpieczeń społecznych";;analogiczny okres roku poprzedniego=100;110,7;110,3;110,2;110,2;110,2;105,9;105,8;105,9;105,9;105,9;105,8;105,6;105,8;105,7;106,2;105,9;105,9;114,4;114,5;114,4;114,5;114,6;114,5;114,6;114,6;114,6;114,1;114,6;114,6;102,1;102,2;102,1;102,2;102,2;102,2;102,2;102,0;102,2;105,9;105,9;106,0;105,6;105,4;105,4;105,5;105,6;105,7;106,0;106,1;106,1;104,4;104,1;104,0;104,1;104,0;104,1;103,9;103,7;104,1;104,8;103,2;103,3;103,3;102,5;102,6;102,6;102,6;102,6;102,6;102,6;102,4;101,2;103,1;102,9;107,7;108,7;108,8;108,7;108,7;108,8;108,7;108,8;108,7;108,7;108,4;108,2;102,2;102,1;102,0;102,0;102,1;102,0;102,0;102,0;102,0;101,9;101,9;102,0;109,7;110,1;110,3;111,2;111,0;110,8;110,9;110,7;110,7;111,0;111,1;111,2;108,9;109,1;108,9;107,9;108,1;108,1;107,9;107,9;108,2;108,1;107,7;107,8;106,5;106,0;106,1;106,2;106,2;106,4;106,3;106,3;106,3;106,5;106,5;106,5;105,0;105,1;105,0;104,9;104,9;104,8;104,8;104,8;104,8;104,6;104,7;104,6;105,7;105,6;105,8;105,6;105,6;105,6;105,4;105,6;105,5;105,4;106,2;105,6;105,4;105,4;105,3;105,2;105,4;105,5;105,5;105,5;105,4;105,7;104,8;105,4;103,0;103,7;103,9;103,7;103,9;103,3;103,3;103,0;103,1;103,1;103,1;103,0;103,3;102,5;102,4;102,3;102,7;103,0;103,1;103,2;103,3;103,3;103,3;103,2;101,7;101,6;101,6;101,7;101,4;101,7;101,5;101,4;101,4;101,4;101,5;101,4;102,1;102,1;102,3;102,2;102,2;102,4;102,4;103,6;104,5;103,0;102,9;102,7;104,9;104,6;104,4;104,5;104,3;104,8;104,5;103,5;102,3;103,8;103,9;104,2;104,3;104,7;105,6;104,7;104,8;105,2;105,1;104,8;105,0;104,9;105,0;105,1;105,7;105,5;104,4;105,6;105,6;105,5;105,7;105,8;105,7;105,8;108,6;107,2;106,3;106,4;106,6;106,6;106,5;106,4;106,7;106,8;107,2;107,0;104,3;105,8;110,2;110,2;110,2;110,3;110,4;110,2;110,2;110,1;110,1;110,5;110,4;110,5;119,6;119,1;118,9
"Przeciętna miesięczna nominalna emerytura i renta brutto z pozarolniczego systemu ubezpieczeń społecznych";;okres poprzedni=100;100,1;100,3;100,2;99,9;100,0;104,5;100,1;100,1;100,5;100,2;99,9;99,8;100,3;100,2;100,7;99,6;100,0;112,8;100,2;100,0;100,5;100,3;99,8;99,9;100,4;100,1;100,2;100,1;100,0;100,6;100,3;100,0;100,6;100,3;99,7;99,9;100,2;100,3;103,8;100,2;100,1;100,2;100,1;99,9;100,8;100,3;99,8;100,3;100,3;100,3;102,1;99,9;100,0;100,2;100,1;100,0;100,6;100,2;100,2;101,0;98,7;100,4;102,1;99,1;100,2;100,2;100,0;100,0;100,6;100,1;100,0;99,8;100,5;100,2;106,8;100,1;100,2;100,1;100,0;100,1;100,5;100,2;99,9;99,8;100,3;100,0;100,9;99,9;100,1;100,1;100,1;100,0;100,5;100,3;99,8;99,8;100,3;100,0;108,5;100,4;100,2;101,0;99,9;99,9;100,6;100,1;99,8;100,1;100,3;100,2;106,3;100,5;100,1;100,1;100,0;99,9;100,4;100,3;100,0;99,9;100,0;100,3;104,9;100,1;100,1;100,2;100,0;100,1;100,4;100,2;100,0;100,1;100,0;100,3;103,4;100,2;100,0;100,2;99,9;100,0;100,4;100,2;100,0;99,9;100,1;100,2;104,5;100,1;100,1;100,0;100,0;99,9;100,3;100,3;99,9;99,9;100,9;99,7;104,3;100,1;100,0;100,0;100,1;100,0;100,3;100,3;99,8;100,2;100,0;100,2;101,9;100,9;100,1;99,9;99,9;99,8;100,3;100,1;99,8;100,1;100,1;100,1;102,2;100,1;100,0;99,8;100,4;100,1;100,3;100,2;99,9;100,1;100,1;100,0;100,6;100,0;100,0;99,9;100,1;100,3;100,2;100,1;99,9;100,1;100,2;99,9;101,3;100,0;100,2;99,8;100,1;100,5;100,1;101,3;100,8;98,5;100,2;99,7;103,5;99,7;100,0;99,9;100,0;100,9;99,9;100,3;99,7;100,0;100,3;100,0;103,6;100,1;100,9;99,0;100,1;101,3;99,7;100,0;99,8;99,9;100,3;100,1;104,3;99,9;99,8;100,1;100,1;101,2;100,0;100,1;99,7;100,0;103,0;98,9;103,4;100,0;100,1;100,1;100,1;101,1;100,3;100,2;100,1;99,9;100,3;100,4;107,7;100,0;100,1;100,1;100,1;100,9;100,2;100,1;100,0;100,3;100,2;100,4;116,6;99,6;99,9
"Przeciętna miesięczna realna emerytura i renta brutto z pozarolniczego systemu ubezpieczeń społecznych";;analogiczny okres roku poprzedniego=100;100,8;100,1;100,2;100,5;100,3;96,2;94,6;95,4;95,8;96,3;96,7;97,1;98,2;98,9;99,6;99,0;98,5;106,9;108,1;108,2;109,2;109,6;109,9;110,1;110,3;110,2;110,0;110,8;112,1;100,4;100,8;100,8;100,8;100,9;101,2;101,2;101,5;101,7;105,3;105,7;105,6;104,6;104,3;104,5;104,2;104,0;103,7;103,9;104,2;104,2;102,4;101,5;100,4;99,3;99,0;99,0;99,1;99,0;99,4;100,2;99,0;99,3;99,6;99,3;99,8;101,1;101,3;100,9;100,7;100,8;101,2;100,3;102,3;101,9;106,8;107,4;107,3;107,4;107,3;106,7;106,5;106,9;106,7;106,8;106,2;105,7;99,2;99,3;99,2;99,1;99,3;100,0;99,2;98,6;98,1;97,6;97,4;97,2;104,8;105,3;104,9;105,5;105,1;105,0;105,5;105,5;105,9;106,4;106,8;106,5;103,9;103,8;104,1;103,4;103,6;103,5;103,8;104,2;104,4;104,2;104,1;104,8;103,9;103,6;103,9;103,6;103,7;103,9;103,1;102,7;102,9;102,9;102,2;102,3;100,1;100,0;99,3;100,1;100,4;100,1;100,6;100,2;99,6;99,4;100,4;100,0;101,4;101,2;101,8;100,8;101,1;101,3;101,2;101,7;102,4;102,6;104,1;104,0;104,3;104,5;104,6;104,9;103,9;104,1;104,0;104,4;104,4;104,8;103,9;104,3;102,1;103,2;103,6;103,4;103,8;103,7;103,7;103,7;103,9;104,2;104,5;104,6;104,8;103,3;103,1;102,8;103,1;103,4;103,3;103,3;103,4;103,4;103,8;103,7;102,3;102,4;102,3;102,2;102,2;102,4;102,1;101,8;101,4;100,7;99,9;99,3;100,2;100,1;100,3;100,4;100,1;100,2;99,7;100,8;101,4;100,3;100,5;100,9;103,0;102,6;102,5;102,5;102,4;102,7;102,7;101,9;101,2;102,8;103,3;103,0;102,6;102,3;102,8;101,7;101,5;101,8;102,0;101,8;101,8;101,2;100,2;99,9;100,5;101,2;100,6;101,5;102,0;102,1;102,1;102,3;102,3;103,0;105,5;104,5;103,2;102,4;102,3;102,6;101,8;101,1;101,1;100,3;99,6;98,5;95,1;97,2;99,2;97,8;96,5;95,3;95,3;94,3;93,4;92,7;93,0;94,2;94,1;92,8;102,0;103,2;104,3
"Przeciętna miesięczna realna emerytura i renta brutto z pozarolniczego systemu ubezpieczeń społecznych";;okres poprzedni=100;98,2;99,4;99,4;99,4;99,3;103,9;99,5;100,4;99,4;99,4;99,6;99,4;99,4;100,1;100,1;98,8;98,9;112,8;100,6;100,4;100,2;99,9;99,7;99,6;99,5;99,9;100,0;99,5;100,2;101,0;101,0;100,5;100,2;99,9;99,8;99,8;99,8;100,2;103,6;100,0;100,0;100,3;100,5;100,4;100,2;99,6;99,5;100,0;99,9;100,2;101,8;99,0;99,0;99,1;100,3;100,5;100,3;99,5;99,9;100,8;98,4;100,4;102,0;98,7;99,8;100,5;100,3;100,1;100,3;99,6;100,2;99,9;100,2;100,1;106,9;99,4;99,6;100,5;100,3;99,7;100,2;99,9;99,9;100,0;99,7;99,7;100,4;99,4;99,4;100,3;100,5;100,3;99,7;99,5;99,1;99,5;99,4;99,5;108,2;100,0;99,2;100,9;100,0;100,4;100,2;99,5;99,4;100,0;99,5;99,3;105,5;99,8;99,6;100,1;100,1;100,4;100,4;100,1;99,7;99,8;99,3;99,9;104,7;99,7;99,7;99,9;100,3;100,6;99,7;99,6;99,9;99,8;98,5;100,0;102,4;99,7;99,3;100,7;100,3;100,1;100,4;99,5;99,2;99,4;99,3;99,7;103,9;99,5;99,9;99,7;100,6;100,3;100,3;100,0;99,8;99,7;100,8;99,7;104,1;99,7;100,1;100,0;99,7;100,4;100,2;100,2;99,8;100,1;99,8;100,1;101,9;101,0;100,2;99,9;100,2;100,3;100,3;100,2;100,0;100,3;100,0;100,2;102,1;99,7;100,0;99,7;100,5;100,6;100,2;100,1;100,0;100,3;100,4;100,0;100,5;99,9;99,8;99,7;100,5;100,6;100,3;99,7;99,7;99,5;99,5;99,5;101,4;99,8;100,0;99,9;100,2;100,7;99,7;100,8;100,3;98,3;99,8;99,9;103,6;99,3;99,9;99,9;100,2;101,0;99,6;100,0;99,7;99,9;100,3;99,7;103,3;99,1;100,4;98,7;100,0;101,4;99,7;99,8;99,7;99,2;99,0;99,4;104,0;99,9;99,7;99,7;100,4;101,5;99,8;100,0;99,6;99,9;101,5;98,5;102,6;99,3;99,7;100,0;99,8;100,8;99,7;99,1;99,0;98,9;97,9;100,8;104,6;97,8;98,4;98,7;99,6;99,8;98,6;98,3;99,2;100,2;97,1;99,2;115,3;99,1;99,6
"Przeciętna miesięczna realna emerytura i renta brutto z pozarolniczego systemu ubezpieczeń społecznych";;przeciętna miesięczna 2005=100;.;.;.;.;.;.;.;.;.;.;.;.;.;.;.;.;.;.;.;.;.;.;.;.;.;.;.;.;.;.;.;.;.;.;.;.;.;.;.;.;.;.;.;.;.;.;.;.;.;.;.;.;.;.;.;.;.;.;.;.;.;.;.;.;.;.;.;.;.;.;.;100,0;100,7;100,8;107,8;107,2;106,8;107,3;107,6;107,3;107,5;107,4;107,3;107,3;107,0;106,7;107,1;106,5;105,9;106,2;106,7;107,0;106,7;106,2;105,2;104,7;104,1;103,6;112,1;112,1;111,2;112,2;112,2;112,6;112,8;112,2;111,5;111,5;110,9;110,1;116,2;116,0;115,5;115,6;115,7;116,2;116,7;116,8;116,4;116,2;115,4;115,3;120,7;120,3;119,9;119,8;120,2;120,9;120,5;120,0;119,9;119,7;117,9;117,9;120,7;120,3;119,5;120,3;120,7;120,8;121,3;120,7;119,7;119,0;117,7;117,3;121,9;121,3;121,2;120,8;121,5;121,9;122,3;122,3;122,1;122,7;.;.;.;.;.;.;.;.;.;.;.;.;.;.;.;.;.;.;.;.;.;.;.;.;.;.;.;.;.;.;.;.;.;.;.;.;.;.;.;.;.;.;.;.;.;.;.;.;.;.;.;.;.;.;.;.;.;.;.;.;.;.;.;.;.;.;.;.;.;.;.;.;.;.;.;.;.;.;.;.;.;.;.;.;.;.;.;.;.;.;.;.;.;.;.;.;.;.;.;.;.;.;.;.;.;.;.;.;.;.;.;.;.;.;.;.;.;.;.;.;.;.;.;.;.
"Przeciętna miesięczna realna emerytura i renta brutto z pozarolniczego systemu ubezpieczeń społecznych";;przeciętna miesięczna 2010=100;;;;;;;;;;;;;;;;;;;;;;;;;;;;;;;;;;;;;;;;;;;;;;;;;;;;;;;;;;;;;;;;;;;;;;;;;;;;;;;;;;;;;;;;;;;;;;;;;;;;;;;;;;;;;;;;;;;;;;;;;;;;;;;100,6;101,2;100,9;100,5;100,4;100,2;98,5;98,5;100,9;100,6;99,9;100,6;100,9;101,0;101,4;100,9;100,1;99,5;98,8;98,5;102,3;101,8;101,7;101,4;102,0;102,3;102,6;102,6;102,4;102,1;102,9;102,6;106,8;106,5;106,6;106,6;106,3;106,7;106,9;107,1;106,9;107,0;106,8;106,9;108,9;110,0;110,2;110,1;110,3;110,6;110,9;111,1;111,1;111,4;111,4;111,6;113,9;113,6;113,6;113,3;113,9;114,4;114,9;115,0;115,0;115,3;115,8;115,8;116,4;116,3;116,1;115,8;116,4;117,1;117,5;117,1;116,7;116,1;115,5;114,9;116,5;116,3;116,3;116,2;116,4;117,2;116,8;117,7;118,1;116,1;.;.;.;.;.;.;.;.;.;.;.;.;.;.;.;.;.;.;.;.;.;.;.;.;.;.;.;.;.;.;.;.;.;.;.;.;.;.;.;.;.;.;.;.;.;.;.;.;.;.;.;.;.;.;.;.;.;.;.;.;.;.;.;.;.
"Przeciętna miesięczna realna emerytura i renta brutto z pozarolniczego systemu ubezpieczeń społecznych";;przeciętna miesięczna 2015=100;;;;;;;;;;;;;;;;;;;;;;;;;;;;;;;;;;;;;;;;;;;;;;;;;;;;;;;;;;;;;;;;;;;;;;;;;;;;;;;;;;;;;;;;;;;;;;;;;;;;;;;;;;;;;;;;;;;;;;;;;;;;;;;;;;;;;;;;;;;;;;;;;;;;;;;;;;;;;;;;;;;;;;;;;;;;;;;;;;;;;97,8;98,0;100,1;99,8;99,8;99,5;100,0;100,4;100,8;100,9;100,9;101,2;101,7;101,7;102,2;102,1;101,9;101,6;102,1;102,7;103,0;102,7;102,4;101,9;101,4;100,9;102,3;102,1;102,1;102,0;102,2;102,9;102,6;103,4;103,7;101,9;101,7;101,6;105,3;104,6;104,5;104,4;104,6;105,6;105,2;105,2;104,9;104,8;105,1;104,7;108,2;107,2;107,6;106,2;106,2;107,7;107,4;107,2;106,9;106,0;104,9;104,3;108,5;108,4;108,1;107,8;108,2;109,8;109,6;109,6;109,2;109,1;110,7;109,0;111,8;111,0;110,7;110,7;110,5;111,4;111,1;110,1;109,0;107,8;105,5;106,3;111,2;108,8;107,1;105,7;105,3;105,1;103,6;101,8;101,0;101,2;98,3;97,5;112,4;111,4;111,0
"Przeciętna miesięczna nominalna emerytura i renta rolników indywidualnych brutto";;zł;595,43;579,42;580,50;595,81;580,94;606,10;622,52;606,97;608,18;624,18;608,58;608,57;624,38;624,18;791,18;625,98;610,95;688,27;706,14;689,50;690,11;707,28;690,78;690,28;706,70;691,28;692,19;707,78;692,01;696,12;711,72;696,16;698,16;714,10;698,18;698,08;712,20;698,50;724,18;739,78;724,71;725,16;739,66;725,61;727,91;742,62;730,01;729,04;742,30;729,92;743,17;756,72;743,21;743,54;757,83;743,92;746,54;761,68;747,47;747,20;760,89;747,89;760,00;765,94;752,11;752,40;766,46;752,73;755,50;770,99;755,02;754,14;768,69;754,41;804,03;819,35;804,66;805,37;820,47;805,90;807,99;823,63;807,48;806,30;821,70;806,92;808,53;822,82;808,56;808,76;823,62;808,82;809,82;825,82;809,63;808,50;822,28;807,95;859,01;877,95;860,95;861,09;877,66;861,08;862,43;879,39;861,77;861,91;877,57;861,80;914,14;931,21;914,18;913,27;929,21;914,22;915,39;932,54;914,11;913,72;930,31;914,23;956,52;974,15;955,32;955,43;973,60;955,13;956,04;975,35;955,79;955,40;974,36;956,32;984,42;1004,94;984,37;984,17;1003,56;984,39;985,15;1005,10;984,51;984,23;1003,50;984,87;1060,62;1083,09;1060,31;1059,79;1081,76;1059,57;1060,43;1083,42;1059,77;1059,95;1091,98;1071,49;1122,95;1145,11;1122,88;1121,92;1144,46;1121,81;1123,58;1146,90;1123,10;1122,45;1142,82;1123,91;1141,86;1161,92;1139,43;1139,80;1160,40;1139,35;1140,48;1162,27;1141,53;1142,73;1160,69;1142,95;1180,54;1204,09;1194,66;1183,55;1197,66;1173,74;1176,02;1195,78;1172,94;1172,71;1190,41;1172,09;1180,13;1198,15;1178,48;1177,98;1196,41;1177,08;1177,24;1197,39;1177,80;1170,98;1192,24;1173,07;1198,17;1216,16;1195,49;1195,11;1214,33;1195,32;1197,13;1222,35;1202,31;1197,63;1220,30;1194,67;1228,70;1245,24;1221,78;1220,82;1243,48;1221,99;1229,60;1250,13;1224,27;1221,72;1246,35;1222,87;1298,23;1323,36;1296,53;1295,11;1320,52;1294,87;1294,72;1321,66;1294,68;1295,08;1321,60;1299,47;1386,22;1409,72;1384,73;1377,28;1406,91;1382,84;1385,21;1410,38;1377,81;1376,54;1401,95;1375,04;1432,76;1458,30;1428,22;1428,63;1457,94;1427,44;1427,74;1457,24;1427,72;1424,57;1453,44;1423,61;1495,03;1522,18;1489,73;1508,30;1530,11;1516,63;1516,26;1526,95;1514,50;1512,01;1526,12;1514,46;1906,48;1919,41;1906,16
"Przeciętna miesięczna nominalna emerytura i renta rolników indywidualnych brutto";;analogiczny okres roku poprzedniego=100;109,3;109,7;110,0;109,1;109,8;105,4;104,8;105,2;105,3;104,9;105,2;105,2;104,9;107,7;136,3;105,1;105,2;113,6;113,4;113,6;113,5;113,3;113,5;113,4;113,2;110,8;87,5;113,1;113,3;101,1;100,8;101,0;101,2;101,0;101,1;101,1;100,8;101,0;104,6;104,5;104,7;104,2;104,0;104,2;104,3;104,0;104,6;105,6;104,2;104,5;102,6;102,3;102,6;102,5;102,5;102,5;102,6;102,6;102,4;102,5;102,5;102,5;102,3;101,2;101,2;101,2;101,1;101,2;101,2;101,2;101,0;100,9;101,0;100,9;105,8;107,0;107,0;107,0;107,0;107,1;106,9;106,8;106,9;106,9;106,9;107,0;100,6;100,4;100,5;100,4;100,4;100,4;100,2;100,3;100,3;100,3;100,1;100,1;106,2;106,7;106,5;106,5;106,6;106,5;106,5;106,5;106,4;106,6;106,7;106,7;106,4;106,1;106,2;106,1;105,9;106,2;106,1;106,0;106,1;106,0;106,0;106,1;104,6;104,6;104,5;104,6;104,8;104,5;104,4;104,6;104,5;104,5;104,7;104,6;102,9;103,2;103,0;103,0;103,1;103,1;103,0;103,1;103,0;103,0;103,0;103,0;107,7;107,8;107,7;107,7;107,8;107,6;107,6;107,8;107,6;107,7;108,8;108,8;105,9;105,7;105,9;105,9;105,8;105,9;106,0;105,9;106,0;105,9;104,7;104,9;101,7;101,5;101,5;101,6;101,4;101,5;101,5;101,3;101,6;101,8;101,6;101,7;103,4;103,6;104,8;103,8;103,2;103,0;103,1;102,9;102,8;102,6;102,6;102,6;100,0;99,5;98,6;99,5;99,9;100,3;100,1;100,1;100,4;99,9;100,2;100,1;101,6;101,5;101,4;101,5;101,5;101,6;101,7;102,1;102,1;102,3;102,4;101,8;102,5;102,4;102,2;102,2;102,4;102,2;102,7;102,3;101,8;102,0;102,1;102,4;105,7;106,3;106,1;106,1;106,2;106,0;105,3;105,7;105,8;106,0;106,0;106,3;106,8;106,5;106,8;106,3;106,5;106,8;107,0;106,7;106,4;106,3;106,1;105,8;103,4;103,4;103,1;103,7;103,6;103,2;103,1;103,3;103,6;103,5;103,7;103,5;104,3;104,4;104,3;105,6;105,0;106,2;106,2;104,8;106,1;106,1;105,0;106,4;127,5;126,1;128,0
"Przeciętna miesięczna nominalna emerytura i renta rolników indywidualnych brutto";;okres poprzedni=100;102,9;97,3;100,2;102,6;97,5;104,3;102,7;97,5;100,2;102,6;97,5;100,0;102,6;100,0;126,8;79,1;97,6;112,7;102,6;97,6;100,1;102,5;97,7;99,9;102,4;97,8;100,1;102,3;97,8;100,6;102,2;97,8;100,3;102,3;97,8;100,0;103,2;98,1;104,1;101,7;98,0;100,1;102,0;98,1;100,3;102,0;98,3;99,9;101,8;98,3;101,8;101,8;98,2;100,0;101,9;98,2;100,4;102,0;98,1;100,0;101,8;98,3;101,6;100,8;98,2;100,0;101,9;98,2;100,4;102,1;97,9;99,9;101,9;98,1;106,6;101,9;98,2;100,1;101,9;98,2;100,3;101,9;98,0;99,9;101,9;98,2;100,2;101,8;98,3;100,0;101,8;98,2;100,1;102,0;98,0;99,9;101,7;98,3;106,3;102,2;98,1;100,0;101,9;98,1;100,2;102,0;98,0;100,0;101,8;98,2;106,1;101,9;98,2;99,9;101,7;98,4;100,1;101,9;98,0;100,0;101,8;98,3;104,6;101,8;98,1;100,0;101,9;98,1;100,1;102,0;98,0;100,0;102,0;98,1;102,9;102,1;98,0;100,0;102,0;98,1;100,1;102,0;98,0;100,0;102,0;98,1;107,7;102,1;97,9;100,0;102,1;97,9;100,1;102,2;97,8;100,0;103,1;98,1;104,8;102,0;98,1;99,9;102,0;98,0;100,1;102,1;97,9;99,9;101,8;98,3;101,6;101,8;98,1;100,0;101,8;98,2;100,1;101,9;98,2;100,1;101,6;98,5;103,3;102,1;99,2;99,1;101,1;98,0;100,2;101,7;98,1;100,0;101,5;98,5;100,7;101,5;98,4;100,0;101,6;98,4;100,0;101,7;98,4;99,4;101,8;98,4;102,2;101,4;98,3;100,0;101,6;98,4;100,2;102,1;98,4;99,6;101,9;97,9;102,8;101,3;98,1;99,9;101,9;98,3;100,6;101,7;97,9;99,8;102,0;98,1;106,2;101,9;98,0;99,9;102,0;98,1;100,0;102,1;98,0;100,0;102,0;98,3;106,7;101,7;98,2;99,5;102,2;98,3;100,2;101,8;97,7;99,9;101,8;98,1;104,2;101,8;97,9;100,0;102,1;97,9;100,0;102,1;98,0;99,8;102,0;97,9;105,0;101,8;97,9;101,2;101,4;99,1;100,0;100,7;99,2;99,8;100,9;99,2;127,1;100,7;99,3
"Przeciętna miesięczna realna emerytura i renta rolników indywidualnych brutto";;analogiczny okres roku poprzedniego=100;99,5;99,5;100,0;99,5;99,9;95,7;93,7;94,8;95,2;95,4;96,2;96,8;97,4;100,7;127,9;98,2;97,9;106,2;107,1;107,5;108,2;108,3;108,9;108,9;109,0;106,5;84,4;109,4;110,9;99,4;99,4;99,7;99,8;99,7;100,1;100,1;100,3;100,5;104,0;104,3;104,3;103,2;102,9;103,3;103,1;102,5;102,6;103,5;102,4;102,7;100,6;99,7;99,0;97,8;97,5;97,5;97,9;98,0;97,8;98,0;98,4;98,6;98,6;98,1;98,4;99,7;99,8;99,5;99,3;99,4;99,8;100,0;100,2;99,9;105,0;105,7;105,5;105,7;105,6;105,0;104,7;104,9;104,9;105,0;104,7;104,5;97,7;97,7;97,8;97,6;97,7;98,4;97,5;96,9;96,4;96,1;95,7;95,4;101,4;102,0;101,3;101,0;100,9;100,9;101,3;101,5;101,8;102,2;102,6;102,2;101,5;101,0;101,5;101,6;101,5;101,7;102,0;102,3;102,4;102,2;102,4;103,1;102,0;102,2;102,4;102,0;102,3;102,1;101,3;101,1;101,2;101,0;100,5;100,4;98,1;98,2;97,4;98,3;98,7;98,5;98,8;98,6;97,9;97,9;98,8;98,5;103,4;103,4;103,7;102,8;103,2;103,3;103,3;103,9;104,5;104,9;106,7;107,2;104,7;104,8;105,3;105,6;104,3;104,5;104,5;104,7;105,0;105,0;103,8;103,8;100,8;101,0;101,2;101,3;101,7;101,9;101,9;102,0;102,4;102,9;102,9;103,2;104,9;104,5;105,5;104,4;103,6;103,1;103,3;103,0;102,9;102,7;103,1;103,1;100,6;100,3;99,3;100,0;100,7;101,0;100,7;100,5;100,4;99,2;98,6;98,0;99,7;99,5;99,4;99,7;99,4;99,4;99,0;99,3;99,0;99,6;100,0;100,0;100,7;100,5;100,3;100,2;100,5;100,2;100,9;100,7;100,7;101,0;101,5;101,2;103,9;103,9;103,3;103,0;102,8;102,6;102,2;102,7;102,6;102,2;101,1;101,0;101,5;102,1;102,9;102,2;102,9;103,4;103,4;103,2;103,0;103,5;103,1;103,1;100,4;99,5;98,9;99,8;99,0;98,1;97,7;97,0;96,3;95,3;94,5;95,1;93,9;92,6;91,3;91,3;90,6;90,9;90,0;88,2;89,6;90,5;89,5;89,3;108,8;109,3;112,3
"Przeciętna miesięczna realna emerytura i renta rolników indywidualnych brutto";;okres poprzedni=100;101,0;96,4;99,4;102,1;96,9;103,7;102,1;97,8;99,1;101,8;97,2;99,6;101,7;99,9;126,0;78,5;96,5;112,7;103,0;98,0;99,8;102,1;97,6;99,6;101,5;97,6;99,9;101,7;98,0;101,0;102,9;98,3;99,9;101,9;97,9;99,9;102,8;98,0;103,9;101,5;97,9;100,2;102,4;98,6;99,7;101,3;98,0;99,6;101,4;98,2;101,5;100,9;97,2;98,9;102,1;98,7;100,1;101,3;97,8;99,8;101,5;98,3;101,5;100,4;97,8;100,3;102,2;98,3;100,1;101,6;98,1;100,0;101,6;98,0;106,7;101,2;97,6;100,5;102,2;97,8;100,0;101,6;98,0;100,1;101,3;97,9;99,7;101,3;97,6;100,2;102,2;98,5;99,3;101,2;97,3;99,6;100,8;97,8;106,0;101,8;97,1;99,9;102,0;98,6;99,8;101,4;97,6;99,9;101,0;97,3;105,3;101,2;97,7;99,9;101,8;98,9;100,1;101,7;97,7;99,9;101,1;97,9;104,4;101,4;97,7;99,7;102,2;98,6;99,4;101,4;97,9;99,7;100,5;97,8;101,9;101,6;97,3;100,5;102,4;98,2;100,1;101,3;97,2;99,5;101,2;97,6;107,1;101,5;97,7;99,7;102,7;98,3;100,1;101,9;97,7;99,8;102,9;98,1;104,6;101,6;98,2;99,9;101,6;98,4;100,0;102,0;97,9;99,8;101,6;98,2;101,6;101,9;98,2;100,0;102,1;98,7;100,1;102,0;98,4;100,3;101,5;98,6;103,2;101,6;99,2;99,0;101,3;98,3;100,3;101,6;98,2;100,2;101,8;98,5;100,6;101,4;98,2;99,8;102,0;98,7;100,1;101,3;98,2;98,8;101,1;98,0;102,3;101,2;98,1;100,1;101,7;98,6;99,8;101,6;97,9;99,4;101,5;98,1;101,0;100,9;98,0;99,9;102,1;98,4;100,3;101,4;97,9;99,7;102,0;97,7;105,9;100,9;97,5;99,6;101,9;98,2;100,0;101,9;97,9;99,3;100,7;97,6;106,4;101,7;98,1;99,1;102,5;98,6;100,0;101,7;97,6;99,8;100,3;97,7;103,4;101,1;97,5;99,9;101,8;97,6;99,4;101,0;96,9;98,8;99,6;98,3;101,9;99,6;96,3;99,8;100,9;98,0;98,4;98,9;98,4;99,7;97,8;98,0;125,7;100,2;99,0
"Przeciętna miesięczna realna emerytura i renta rolników indywidualnych brutto";;przeciętna miesięczna 2005=100;.;.;.;.;.;.;.;.;.;.;.;.;.;.;.;.;.;.;.;.;.;.;.;.;.;.;.;.;.;.;.;.;.;.;.;.;.;.;.;.;.;.;.;.;.;.;.;.;.;.;.;.;.;.;.;.;.;.;.;.;.;.;.;.;.;.;.;.;.;.;.;100,0;100,9;98,9;105,5;106,8;104,2;104,7;107,0;104,6;104,6;106,3;104,2;104,3;105,7;103,5;103,2;104,5;102,0;102,2;104,4;102,8;102,1;103,3;100,5;100,1;100,9;98,7;104,6;106,5;103,4;103,3;105,4;103,9;103,7;105,2;102,7;102,6;103,6;100,8;106,1;107,4;104,9;104,8;106,7;105,5;105,6;107,4;104,9;104,8;106,0;103,8;108,4;109,9;107,4;107,1;109,5;108,0;107,4;108,9;106,6;106,3;106,8;104,5;106,5;108,2;105,3;105,8;108,3;106,4;106,5;107,9;104,9;104,4;105,7;103,2;110,5;112,2;109,5;109,2;112,1;110,2;110,3;112,4;109,8;109,5;.;.;.;.;.;.;.;.;.;.;.;.;.;.;.;.;.;.;.;.;.;.;.;.;.;.;.;.;.;.;.;.;.;.;.;.;.;.;.;.;.;.;.;.;.;.;.;.;.;.;.;.;.;.;.;.;.;.;.;.;.;.;.;.;.;.;.;.;.;.;.;.;.;.;.;.;.;.;.;.;.;.;.;.;.;.;.;.;.;.;.;.;.;.;.;.;.;.;.;.;.;.;.;.;.;.;.;.;.;.;.;.;.;.;.;.;.;.;.;.;.;.;.;.;.
"Przeciętna miesięczna realna emerytura i renta rolników indywidualnych brutto";;przeciętna miesięczna 2010=100;;;;;;;;;;;;;;;;;;;;;;;;;;;;;;;;;;;;;;;;;;;;;;;;;;;;;;;;;;;;;;;;;;;;;;;;;;;;;;;;;;;;;;;;;;;;;;;;;;;;;;;;;;;;;;;;;;;;;;;;;;;;;;;101,8;100,4;99,8;101,2;99,1;98,8;99,1;96,9;98,7;100,3;97,6;98,1;100,5;98,7;98,8;100,1;97,3;96,8;98,0;95,6;102,4;103,9;101,5;101,2;103,9;102,1;102,2;104,1;101,7;101,5;104,4;102,4;107,1;108,8;106,8;106,7;108,4;106,7;106,7;108,8;106,5;106,3;108,0;106,1;107,8;109,8;107,8;107,8;110,1;108,7;108,8;111,0;109,2;109,5;111,1;109,5;113,0;114,8;113,9;112,8;114,2;112,4;112,7;114,5;112,4;112,6;114,6;112,9;113,6;115,2;113,1;112,9;115,2;113,7;113,8;115,3;113,2;111,8;113,0;110,7;113,2;114,6;112,4;112,5;114,4;112,8;112,6;114,4;112,0;111,3;.;.;.;.;.;.;.;.;.;.;.;.;.;.;.;.;.;.;.;.;.;.;.;.;.;.;.;.;.;.;.;.;.;.;.;.;.;.;.;.;.;.;.;.;.;.;.;.;.;.;.;.;.;.;.;.;.;.;.;.;.;.;.;.;.
"Przeciętna miesięczna realna emerytura i renta rolników indywidualnych brutto";;przeciętna miesięczna 2015=100;;;;;;;;;;;;;;;;;;;;;;;;;;;;;;;;;;;;;;;;;;;;;;;;;;;;;;;;;;;;;;;;;;;;;;;;;;;;;;;;;;;;;;;;;;;;;;;;;;;;;;;;;;;;;;;;;;;;;;;;;;;;;;;;;;;;;;;;;;;;;;;;;;;;;;;;;;;;;;;;;;;;;;;;;;;;;;;;;;;;;98,3;96,9;100,0;101,6;100,8;99,8;101,1;99,4;99,7;101,3;99,5;99,7;101,5;100,0;100,6;102,0;100,2;100,0;102,0;100,7;100,8;102,1;100,3;99,1;100,2;98,2;100,5;101,7;99,8;99,9;101,6;100,2;100,0;101,6;99,5;98,9;100,4;98,5;101,4;102,3;100,3;100,2;102,3;100,7;101,0;102,4;100,3;100,0;102,0;99,7;105,6;106,6;103,9;103,5;105,5;103,6;103,6;105,6;103,4;102,7;103,4;100,9;107,4;109,2;107,1;106,1;108,8;107,3;107,3;109,1;106,5;106,3;106,6;104,1;107,6;108,8;106,1;106,0;107,9;105,3;104,7;105,7;102,4;101,2;100,8;99,1;101,0;100,6;96,9;96,7;97,6;95,6;94,1;93,1;91,6;91,3;89,3;87,5;110,0;110,2;109,1